file,exposure_time
office_1,0.03333333333333333
office_2,0.1
office_3,0.33333333333333333
office_4,0.6250
office_5,1.3
office_6,4